{
  "css/style.css": 1613925457870,
  "manifest.json": 1613925660581,
  "model/models.js": 1613925457870,
  "controller/View1.controller.js": 1613925457870,
  "Component.js": 1613925457870,
  "manifest-bundle.zip": 1613925660410,
  "Component-preload.js": 1613925660561,
  "controller/View1-dbg.controller.js": 1613925457870,
  "model/models-dbg.js": 1613925457870,
  "Component-dbg.js": 1613925457870,
  "resources.json": 1613925660584,
  "view/View1.view.xml": 1613925457870,
  "i18n/i18n.properties": 1613925457870,
  "index.html": 1613925457870
}